{"gnPIAR5z/hV3PzcQhSDTdw==":"mbalati-banner.jpg","cZAKwGkfc4alOPbvwFTm2Q==":"1x-1.jpg","z0l1uf0S8mIOsgVqGDxwlQ==":"mbalati-logo.jpg","5L3wbsXlS1/7Bbk/21Kh9Q==":"mbalati-globe.png","76ui2qax02VtN1pBXwy1cg==":"2-629x839.jpg","a8ETK1uOJY2vV95c45umTg==":"0918-construction-site-pixshark-838x559.jpg","g978gfhHbvdC7xdXjZRg5w==":"bidding-for-concrete-710x500.jpg","5nwi3mCkbMszagabgGSCIg==":"cement-powder-on-trowel.webp","UZQ6dbAX5y2dgCaVLvzIwA==":"bidding-for-concrete-710x500.jpeg","IGzygdJ/MFY0xUjBo/2IrQ==":"2-629x839.jpeg","BeaH6XKVvdRStJe4qmnSEQ==":"0918-construction-site-pixshark-838x559.jpeg","H4mGheCZc6BWaIPp9QzXwg==":"layout-1052x789.jpg","fLK4QsTYD6BXAACGdPPbgQ==":"img-20240515-wa0069-838x629.jpg","edvLuRE38obCEe2/Qbo4Hg==":"img-20240515-wa0071-838x1117.jpeg","4Iy6dgKrcv0yzH71XQQq1A==":"img-20240515-wa0069-838x629.jpeg","FSgWlxAir9DeOggKJjxYtg==":"img-20240515-wa0071-1-838x1117.jpeg","hiN3ZEhWRIYF3ifMMjY22g==":"img-20240515-wa0083-838x629.jpeg","acvEIT3s59YTELlllj1KBA==":"img-20240515-wa0074-960x1280.jpg"}